{"cameraMode":{"drawMode":0,"name":"Shaded","section":"Shading Mode"},"sceneLighting":true,"audioPlay":false,"sceneViewState":{"m_AlwaysRefresh":false,"showFog":true,"showSkybox":true,"showFlares":true,"showImageEffects":true,"showParticleSystems":true,"showVisualEffectGraphs":true,"m_FxEnabled":true},"in2DMode":false,"pivot":{"x":0.3161170482635498,"y":-1.8999111652374268,"z":2.3797976970672609},"rotation":{"x":-0.25485891103744509,"y":0.7448762655258179,"z":-0.4243265390396118,"w":-0.44739922881126406},"size":10.290083885192871,"orthographic":false}